<?xml version="1.0" encoding="UTF-8"?>
<MF0 version="1.1" packageUris="http://schema.mathworks.com/mf0/ci/19700101 http://schema.mathworks.com/mf0/sl_modelref_info/R2023a http://schema.mathworks.com/mf0/slexec_mm_sto/R2023a_202208151321 http://schema.mathworks.com/mf0/sltp_mm/R2023a_202209151115">
  <ModelRefInfoRepo.ModelRefInfoRoot type="ModelRefInfoRepo.ModelRefInfoRoot" uuid="c82cf06c-96bd-4545-864c-b13ef55335e5">
    <childModelRefInfo type="ModelRefInfoRepo.ChildModelRefInfo" uuid="6c61b53c-5d3f-4a51-a614-0c432dea08c3">
      <modelName>Proyecto</modelName>
      <modelPath>Proyecto</modelPath>
    </childModelRefInfo>
    <dataTransferInfos>AAFJTQAAAAAOAAAAOAAAAAYAAAAIAAAAAgAAAAAAAAAFAAAACAAAAAAAAAABAAAAAQAAAAAAAAAFAAQAAQAAAAEAAAAAAAAA</dataTransferInfos>
    <defaultsCMapping>{&quot;Inports&quot;:&quot;{\&quot;Name\&quot;:\&quot;Default\&quot;,\&quot;Checksum\&quot;:\&quot;Default\&quot;,\&quot;PerInstancePropertiesChecksum\&quot;:\&quot;\&quot;,\&quot;MemorySectionName\&quot;:\&quot;\&quot;,\&quot;MemorySectionChecksum\&quot;:\&quot;\&quot;}&quot;,&quot;Outports&quot;:&quot;{\&quot;Name\&quot;:\&quot;Default\&quot;,\&quot;Checksum\&quot;:\&quot;Default\&quot;,\&quot;PerInstancePropertiesChecksum\&quot;:\&quot;\&quot;,\&quot;MemorySectionName\&quot;:\&quot;\&quot;,\&quot;MemorySectionChecksum\&quot;:\&quot;\&quot;}&quot;,&quot;ParameterArguments&quot;:&quot;{\&quot;Name\&quot;:\&quot;Default\&quot;,\&quot;Checksum\&quot;:\&quot;Default\&quot;,\&quot;PerInstancePropertiesChecksum\&quot;:\&quot;\&quot;,\&quot;MemorySectionName\&quot;:\&quot;None\&quot;,\&quot;MemorySectionChecksum\&quot;:\&quot;None\&quot;}&quot;,&quot;LocalParameters&quot;:&quot;{\&quot;Name\&quot;:\&quot;Default\&quot;,\&quot;Checksum\&quot;:\&quot;Default\&quot;,\&quot;PerInstancePropertiesChecksum\&quot;:\&quot;\&quot;,\&quot;MemorySectionName\&quot;:\&quot;\&quot;,\&quot;MemorySectionChecksum\&quot;:\&quot;\&quot;}&quot;,&quot;GlobalParameters&quot;:&quot;{\&quot;Name\&quot;:\&quot;Default\&quot;,\&quot;Checksum\&quot;:\&quot;Default\&quot;,\&quot;PerInstancePropertiesChecksum\&quot;:\&quot;\&quot;,\&quot;MemorySectionName\&quot;:\&quot;\&quot;,\&quot;MemorySectionChecksum\&quot;:\&quot;\&quot;}&quot;,&quot;InternalData&quot;:&quot;{\&quot;Name\&quot;:\&quot;Default\&quot;,\&quot;Checksum\&quot;:\&quot;Default\&quot;,\&quot;PerInstancePropertiesChecksum\&quot;:\&quot;\&quot;,\&quot;MemorySectionName\&quot;:\&quot;\&quot;,\&quot;MemorySectionChecksum\&quot;:\&quot;\&quot;}&quot;,&quot;SharedLocalDataStores&quot;:&quot;{\&quot;Name\&quot;:\&quot;Default\&quot;,\&quot;Checksum\&quot;:\&quot;Default\&quot;,\&quot;PerInstancePropertiesChecksum\&quot;:\&quot;\&quot;,\&quot;MemorySectionName\&quot;:\&quot;None\&quot;,\&quot;MemorySectionChecksum\&quot;:\&quot;None\&quot;}&quot;,&quot;GlobalDataStores&quot;:&quot;{\&quot;Name\&quot;:\&quot;Default\&quot;,\&quot;Checksum\&quot;:\&quot;Default\&quot;,\&quot;PerInstancePropertiesChecksum\&quot;:\&quot;\&quot;,\&quot;MemorySectionName\&quot;:\&quot;None\&quot;,\&quot;MemorySectionChecksum\&quot;:\&quot;None\&quot;}&quot;,&quot;Constants&quot;:&quot;{\&quot;Name\&quot;:\&quot;Default\&quot;,\&quot;Checksum\&quot;:\&quot;Default\&quot;,\&quot;PerInstancePropertiesChecksum\&quot;:\&quot;\&quot;,\&quot;MemorySectionName\&quot;:\&quot;\&quot;,\&quot;MemorySectionChecksum\&quot;:\&quot;\&quot;}&quot;,&quot;DataTransfers&quot;:&quot;{\&quot;Name\&quot;:\&quot;Default\&quot;,\&quot;Checksum\&quot;:\&quot;Default\&quot;,\&quot;PerInstancePropertiesChecksum\&quot;:\&quot;\&quot;,\&quot;MemorySectionName\&quot;:\&quot;None\&quot;,\&quot;MemorySectionChecksum\&quot;:\&quot;None\&quot;}&quot;,&quot;ModelData&quot;:&quot;{\&quot;Name\&quot;:\&quot;Default\&quot;,\&quot;Checksum\&quot;:\&quot;Default\&quot;,\&quot;PerInstancePropertiesChecksum\&quot;:\&quot;\&quot;,\&quot;MemorySectionName\&quot;:\&quot;None\&quot;,\&quot;MemorySectionChecksum\&quot;:\&quot;None\&quot;}&quot;,&quot;InitializeTerminate&quot;:&quot;{\&quot;Name\&quot;:\&quot;Default\&quot;,\&quot;Checksum\&quot;:\&quot;Default\&quot;,\&quot;PerInstancePropertiesChecksum\&quot;:\&quot;\&quot;,\&quot;MemorySectionName\&quot;:\&quot;\&quot;,\&quot;MemorySectionChecksum\&quot;:\&quot;\&quot;}&quot;,&quot;Execution&quot;:&quot;{\&quot;Name\&quot;:\&quot;Default\&quot;,\&quot;Checksum\&quot;:\&quot;Default\&quot;,\&quot;PerInstancePropertiesChecksum\&quot;:\&quot;\&quot;,\&quot;MemorySectionName\&quot;:\&quot;\&quot;,\&quot;MemorySectionChecksum\&quot;:\&quot;\&quot;}&quot;,&quot;SharedUtility&quot;:&quot;{\&quot;Name\&quot;:\&quot;Default\&quot;,\&quot;Checksum\&quot;:\&quot;Default\&quot;,\&quot;PerInstancePropertiesChecksum\&quot;:\&quot;\&quot;,\&quot;MemorySectionName\&quot;:\&quot;\&quot;,\&quot;MemorySectionChecksum\&quot;:\&quot;\&quot;}&quot;}</defaultsCMapping>
    <fastestNoncontSigFeedingDerivPorts>.09287981859410431</fastestNoncontSigFeedingDerivPorts>
    <globalVariables>Q</globalVariables>
    <globalVariables>area_mem</globalVariables>
    <globalVariables>f</globalVariables>
    <globalVariables>k</globalVariables>
    <globalVariables>m</globalVariables>
    <globalVariables>perm</globalVariables>
    <globalVariables>r1</globalVariables>
    <globalVariables>rho</globalVariables>
    <globalVariables>samples</globalVariables>
    <globalVariables>v_sonido</globalVariables>
    <globalVariables>vol</globalVariables>
    <hasBlockWithPeriodicDiscreteSampleTime>true</hasBlockWithPeriodicDiscreteSampleTime>
    <hasBwsAccessed>true</hasBwsAccessed>
    <hasBwsAccessedByAnyModel>true</hasBwsAccessedByAnyModel>
    <hasContinuousSampleTime>true</hasContinuousSampleTime>
    <hasNonVirtualParameterChangeEvents>true</hasNonVirtualParameterChangeEvents>
    <hasNoncontSigFeedingDerivPorts>true</hasNoncontSigFeedingDerivPorts>
    <loggingSaveFormat>2</loggingSaveFormat>
    <massMatrixNzMax>2</massMatrixNzMax>
    <maxFreqHz>-1.0</maxFreqHz>
    <nonTunableVariables>samples</nonTunableVariables>
    <numCStateRecs>2</numCStateRecs>
    <numContinuousStates>2</numContinuousStates>
    <numDataInputPorts>0</numDataInputPorts>
    <numLoggableCStateRecs>2</numLoggableCStateRecs>
    <numLoggableJacobianDStates>0</numLoggableJacobianDStates>
    <runtimeNonFcnCallRateInfos type="ModelRefInfoRepo.RateInfo">
      <compiled>true</compiled>
      <period>0.0</period>
      <priority>40</priority>
      <rateIdx>0</rateIdx>
    </runtimeNonFcnCallRateInfos>
    <runtimeNonFcnCallRateInfos type="ModelRefInfoRepo.RateInfo">
      <compiled>true</compiled>
      <nonFcnCallPartitionName>Cont</nonFcnCallPartitionName>
      <period>.09287981859410431</period>
      <priority>40</priority>
      <rateIdx>1</rateIdx>
    </runtimeNonFcnCallRateInfos>
    <sampleTimeInheritanceRule>2</sampleTimeInheritanceRule>
    <solverStatusFlags>329</solverStatusFlags>
    <timingAndTaskingRegistry>&lt;?xml version=&quot;1.0&quot;?&gt;
&lt;slexec_sto version=&quot;1.1&quot; packageUris=&quot;http://schema.mathworks.com/mf0/slexec_mm_sto/R2023a_202208151321&quot;&gt;
  &lt;sto.Registry type=&quot;sto.Registry&quot; uuid=&quot;1bf3acd5-3884-4a76-a947-1ce9f794cb5b&quot;&gt;
    &lt;executionSpec&gt;Undetermined&lt;/executionSpec&gt;
    &lt;identifier&gt;Proyecto&lt;/identifier&gt;
    &lt;clockRegistry type=&quot;sto.ClockRegistry&quot; uuid=&quot;fce7b586-4155-4019-bf74-8d23e9943fdd&quot;&gt;
      &lt;clocks type=&quot;sto.Timer&quot; uuid=&quot;71a3133c-336d-451e-a903-dffd8b85df4e&quot;&gt;
        &lt;computedFundamentalDiscretePeriod&gt;.09287981859410431&lt;/computedFundamentalDiscretePeriod&gt;
        &lt;fastestDiscreteRate type=&quot;sto.ClassicPeriodicDiscreteRate&quot; uuid=&quot;4ae5d7ed-ba77-4534-9c72-5a826ce47cb7&quot;/&gt;
        &lt;isDefaultTimer&gt;true&lt;/isDefaultTimer&gt;
        &lt;identifier&gt;Proyecto::defaultTimer&lt;/identifier&gt;
        &lt;rates type=&quot;sto.ContinuousRate&quot; uuid=&quot;b828f2df-0c98-445a-8bfd-f6685689623f&quot;&gt;
          &lt;annotation&gt;Cont&lt;/annotation&gt;
          &lt;clockId&gt;Proyecto::defaultTimer&lt;/clockId&gt;
          &lt;description&gt;Continuous&lt;/description&gt;
          &lt;taskId&gt;_task0&lt;/taskId&gt;
          &lt;rateSpec type=&quot;sto.RateSpec&quot; uuid=&quot;8350bf8d-316e-4160-9308-500daf506afd&quot;/&gt;
        &lt;/rates&gt;
        &lt;rates type=&quot;sto.ClassicPeriodicDiscreteRate&quot; uuid=&quot;4ae5d7ed-ba77-4534-9c72-5a826ce47cb7&quot;&gt;
          &lt;annotation&gt;D1&lt;/annotation&gt;
          &lt;clockId&gt;Proyecto::defaultTimer&lt;/clockId&gt;
          &lt;colorIndex&gt;2&lt;/colorIndex&gt;
          &lt;description&gt;Discrete 1&lt;/description&gt;
          &lt;rateIdx&gt;1&lt;/rateIdx&gt;
          &lt;taskId&gt;_task0&lt;/taskId&gt;
          &lt;rateSpec type=&quot;sto.RateSpec&quot; uuid=&quot;64a147fb-9c40-40aa-883b-40eda5ac085a&quot;&gt;
            &lt;period&gt;.09287981859410431&lt;/period&gt;
            &lt;rateType&gt;ClassicPeriodicDiscrete&lt;/rateType&gt;
          &lt;/rateSpec&gt;
        &lt;/rates&gt;
        &lt;baseRate type=&quot;sto.ContinuousRate&quot; uuid=&quot;736fb06c-039b-42d7-8415-941186468a92&quot;&gt;
          &lt;annotation&gt;Cont&lt;/annotation&gt;
          &lt;clockId&gt;Proyecto::defaultTimer&lt;/clockId&gt;
          &lt;description&gt;Continuous&lt;/description&gt;
          &lt;taskId&gt;_task0&lt;/taskId&gt;
          &lt;rateSpec type=&quot;sto.RateSpec&quot; uuid=&quot;07491288-874b-4f4b-93fa-8e957e8eed2a&quot;/&gt;
        &lt;/baseRate&gt;
      &lt;/clocks&gt;
      &lt;clocks type=&quot;sto.Event&quot; uuid=&quot;46c889ce-7560-4769-8d9e-6b75b6f53613&quot;&gt;
        &lt;eventType&gt;PARAMETER_CHANGE_EVENT&lt;/eventType&gt;
        &lt;cNum&gt;1&lt;/cNum&gt;
        &lt;clockType&gt;Event&lt;/clockType&gt;
        &lt;identifier&gt;ParameterChangeEvent&lt;/identifier&gt;
        &lt;rates type=&quot;sto.ModelWideEventRate&quot; uuid=&quot;8ca8a4d0-d029-4346-a65d-74b547aa6b2a&quot;&gt;
          &lt;annotation&gt;Inf&lt;/annotation&gt;
          &lt;clockId&gt;ParameterChangeEvent&lt;/clockId&gt;
          &lt;colorIndex&gt;6&lt;/colorIndex&gt;
          &lt;description&gt;Constant&lt;/description&gt;
          &lt;rateIdx&gt;2&lt;/rateIdx&gt;
          &lt;taskId&gt;ModelWideParameterChangeEvent&lt;/taskId&gt;
          &lt;rateSpec type=&quot;sto.RateSpec&quot; uuid=&quot;d1d44bd4-8b58-4758-9cf9-de2146d18c21&quot;&gt;
            &lt;period&gt;inf&lt;/period&gt;
            &lt;rateType&gt;ModelWideParameterChangeEvent&lt;/rateType&gt;
          &lt;/rateSpec&gt;
        &lt;/rates&gt;
      &lt;/clocks&gt;
    &lt;/clockRegistry&gt;
    &lt;taskRegistry type=&quot;sto.TaskRegistry&quot; uuid=&quot;c8a4ec16-dab0-48ed-9975-08e3e136e5fc&quot;&gt;
      &lt;hasUnknownEdges&gt;true&lt;/hasUnknownEdges&gt;
      &lt;rootTaskHierarchyElements type=&quot;sto.Task&quot; uuid=&quot;d47565ed-c4fc-4565-8ee4-afbdaec6e7b5&quot;&gt;
        &lt;isExecutable&gt;true&lt;/isExecutable&gt;
        &lt;isExplicit&gt;true&lt;/isExplicit&gt;
        &lt;rates type=&quot;sto.ModelWideEventRate&quot; uuid=&quot;f6f810a4-2bbe-41fb-a94e-098ee92711ba&quot;&gt;
          &lt;annotation&gt;Inf&lt;/annotation&gt;
          &lt;clockId&gt;ParameterChangeEvent&lt;/clockId&gt;
          &lt;colorIndex&gt;6&lt;/colorIndex&gt;
          &lt;description&gt;Constant&lt;/description&gt;
          &lt;rateIdx&gt;2&lt;/rateIdx&gt;
          &lt;taskId&gt;ModelWideParameterChangeEvent&lt;/taskId&gt;
          &lt;rateSpec type=&quot;sto.RateSpec&quot; uuid=&quot;a2c53e43-22b4-4c68-9fc9-c38d8a23219c&quot;&gt;
            &lt;period&gt;inf&lt;/period&gt;
            &lt;rateType&gt;ModelWideParameterChangeEvent&lt;/rateType&gt;
          &lt;/rateSpec&gt;
        &lt;/rates&gt;
        &lt;schedulingClockId&gt;ParameterChangeEvent&lt;/schedulingClockId&gt;
        &lt;tNum&gt;1&lt;/tNum&gt;
        &lt;timeKeeperClockId&gt;Proyecto::defaultTimer&lt;/timeKeeperClockId&gt;
        &lt;elementType&gt;Task&lt;/elementType&gt;
        &lt;identifier&gt;ModelWideParameterChangeEvent&lt;/identifier&gt;
        &lt;priority&gt;-1&lt;/priority&gt;
      &lt;/rootTaskHierarchyElements&gt;
      &lt;rootTaskHierarchyElements type=&quot;sto.Task&quot; uuid=&quot;37d15ec4-db47-454b-9263-c871538b3d18&quot;&gt;
        &lt;isExecutable&gt;true&lt;/isExecutable&gt;
        &lt;orderIndex&gt;1&lt;/orderIndex&gt;
        &lt;rates type=&quot;sto.ContinuousRate&quot; uuid=&quot;de337af8-d602-4a6d-9cf2-ec11c4bea61c&quot;&gt;
          &lt;annotation&gt;Cont&lt;/annotation&gt;
          &lt;clockId&gt;Proyecto::defaultTimer&lt;/clockId&gt;
          &lt;description&gt;Continuous&lt;/description&gt;
          &lt;taskId&gt;_task0&lt;/taskId&gt;
          &lt;rateSpec type=&quot;sto.RateSpec&quot; uuid=&quot;6d9ce8c3-9147-4aa6-a84f-637f53519905&quot;/&gt;
        &lt;/rates&gt;
        &lt;rates type=&quot;sto.ClassicPeriodicDiscreteRate&quot; uuid=&quot;a213ca79-b377-4076-a13e-fa92530c7f64&quot;&gt;
          &lt;annotation&gt;D1&lt;/annotation&gt;
          &lt;clockId&gt;Proyecto::defaultTimer&lt;/clockId&gt;
          &lt;colorIndex&gt;2&lt;/colorIndex&gt;
          &lt;description&gt;Discrete 1&lt;/description&gt;
          &lt;rateIdx&gt;1&lt;/rateIdx&gt;
          &lt;taskId&gt;_task0&lt;/taskId&gt;
          &lt;rateSpec type=&quot;sto.RateSpec&quot; uuid=&quot;722b1bce-7fee-4d06-8527-f414b6fe9f4b&quot;&gt;
            &lt;period&gt;.09287981859410431&lt;/period&gt;
            &lt;rateType&gt;ClassicPeriodicDiscrete&lt;/rateType&gt;
          &lt;/rateSpec&gt;
        &lt;/rates&gt;
        &lt;schedulingClockId&gt;Proyecto::defaultTimer&lt;/schedulingClockId&gt;
        &lt;timeKeeperClockId&gt;Proyecto::defaultTimer&lt;/timeKeeperClockId&gt;
        &lt;elementType&gt;Task&lt;/elementType&gt;
        &lt;identifier&gt;_task0&lt;/identifier&gt;
        &lt;priority&gt;40&lt;/priority&gt;
      &lt;/rootTaskHierarchyElements&gt;
      &lt;taskDependencyGraph type=&quot;sto.SerializedTaskConnectionList&quot; uuid=&quot;a52d607a-2380-47ce-8608-32deeaa6f561&quot;&gt;
        &lt;clockIdentifier&gt;Proyecto::defaultTimer&lt;/clockIdentifier&gt;
        &lt;taskIdentifier&gt;_task0&lt;/taskIdentifier&gt;
      &lt;/taskDependencyGraph&gt;
      &lt;taskDependencyGraph type=&quot;sto.SerializedTaskConnectionList&quot; uuid=&quot;4927a840-7678-4c52-9a49-095b11e03bea&quot;&gt;
        &lt;clockIdentifier&gt;ParameterChangeEvent&lt;/clockIdentifier&gt;
        &lt;serializedConnectionProperties type=&quot;sto.SerializedConnectionProperties&quot; uuid=&quot;9796829a-6a11-4f0f-be14-0380f0b6a5cd&quot;&gt;
          &lt;targetClockIdentifier&gt;Proyecto::defaultTimer&lt;/targetClockIdentifier&gt;
          &lt;targetTaskIdentifier&gt;_task0&lt;/targetTaskIdentifier&gt;
        &lt;/serializedConnectionProperties&gt;
        &lt;taskIdentifier&gt;ModelWideParameterChangeEvent&lt;/taskIdentifier&gt;
      &lt;/taskDependencyGraph&gt;
      &lt;taskPriorityDirection&gt;HighNumberLast&lt;/taskPriorityDirection&gt;
    &lt;/taskRegistry&gt;
  &lt;/sto.Registry&gt;
&lt;/slexec_sto&gt;</timingAndTaskingRegistry>
    <FMUBlockMap type="ModelRefInfoRepo.FMUBlockInfo" uuid="085e7777-13f0-4da2-97a3-4b8bbe11edf0"/>
    <codeGenInfo type="ModelRefInfoRepo.CodeGenInformation" uuid="92f6b37c-b0e0-4217-97c9-3908aa2e2a08"/>
    <compiledVariantInfos type="ModelRefInfoRepo.CompiledVariantInfoMap" uuid="f81750ac-da85-492c-ad21-ee2822eca8aa"/>
    <configSettingsForConsistencyChecks type="ModelRefInfoRepo.ConfigSettingsForConsistencyChecks" uuid="0eed0d89-cd93-41b9-ad13-117b56b29f3d">
      <consistentOutportInitialization>true</consistentOutportInitialization>
      <frameDiagnosticSetting>2</frameDiagnosticSetting>
      <signalLoggingSaveFormat>2</signalLoggingSaveFormat>
      <simSIMDOptimization>1</simSIMDOptimization>
      <solverName>ode45</solverName>
      <hardwareSettings type="ModelRefInfoRepo.HardwareSettings" uuid="b21e05bd-4428-4998-a0db-b707c559c246">
        <prodBitPerChar>8</prodBitPerChar>
        <prodBitPerDouble>64</prodBitPerDouble>
        <prodBitPerFloat>32</prodBitPerFloat>
        <prodBitPerInt>32</prodBitPerInt>
        <prodBitPerLong>32</prodBitPerLong>
        <prodBitPerLongLong>64</prodBitPerLongLong>
        <prodBitPerPointer>64</prodBitPerPointer>
        <prodBitPerPtrDiffT>64</prodBitPerPtrDiffT>
        <prodBitPerShort>16</prodBitPerShort>
        <prodBitPerSizeT>64</prodBitPerSizeT>
        <prodEndianess>1</prodEndianess>
        <prodShiftRight>true</prodShiftRight>
        <prodWordSize>64</prodWordSize>
      </hardwareSettings>
    </configSettingsForConsistencyChecks>
    <controllableInputRatesMap type="ModelRefInfoRepo.VarTsUIDMap" uuid="20a918fa-c186-485c-83b7-ff8d5b0f93c2"/>
    <controllableOutputRatesMap type="ModelRefInfoRepo.VarTsUIDMap" uuid="df77d6ea-eb22-4383-8334-d5dccd8f89df"/>
    <dataPortGroup type="ModelRefInfoRepo.DataPortGroup" uuid="9fec8bd3-443f-4a35-bf68-ff297839cfef"/>
    <expFcnUnconnectedDataPortGroup type="ModelRefInfoRepo.DataPortGroup" uuid="b7b0ee6e-015f-4052-bb92-3cba9795f15b"/>
    <interfaceParameterInfo type="ModelRefInfoRepo.InterfaceParameterInfo" uuid="739670f1-4c07-42dd-bf89-45a80600f72e">
      <globalVariables type="ModelRefInfoRepo.BuiltinParameter" uuid="f45cda58-8055-4725-9a5f-056f585d52cc">
        <dimensions>1</dimensions>
        <dimensions>1</dimensions>
        <isUsed>true</isUsed>
        <numDimensions>2</numDimensions>
        <parameterName>Q</parameterName>
      </globalVariables>
      <globalVariables type="ModelRefInfoRepo.BuiltinParameter" uuid="f42260c4-0839-4351-bb4e-814533511e6e">
        <dimensions>1</dimensions>
        <dimensions>1</dimensions>
        <isUsed>true</isUsed>
        <numDimensions>2</numDimensions>
        <parameterName>area_mem</parameterName>
      </globalVariables>
      <globalVariables type="ModelRefInfoRepo.BuiltinParameter" uuid="d74aba02-7589-47d3-a602-5ad9521fd363">
        <dimensions>4096</dimensions>
        <dimensions>2</dimensions>
        <isUsed>true</isUsed>
        <numDimensions>2</numDimensions>
        <parameterName>f</parameterName>
      </globalVariables>
      <globalVariables type="ModelRefInfoRepo.BuiltinParameter" uuid="cfc0daa6-c57a-4740-8f1f-8aa2ac849e2e">
        <dimensions>1</dimensions>
        <dimensions>1</dimensions>
        <isUsed>true</isUsed>
        <numDimensions>2</numDimensions>
        <parameterName>k</parameterName>
      </globalVariables>
      <globalVariables type="ModelRefInfoRepo.BuiltinParameter" uuid="a9d08d71-9dea-4503-bb86-d7bc68452e9a">
        <dimensions>1</dimensions>
        <dimensions>1</dimensions>
        <isUsed>true</isUsed>
        <numDimensions>2</numDimensions>
        <parameterName>m</parameterName>
      </globalVariables>
      <globalVariables type="ModelRefInfoRepo.BuiltinParameter" uuid="ee1d7f26-94eb-4d53-9475-7ac2b12ad181">
        <dimensions>1</dimensions>
        <dimensions>1</dimensions>
        <isUsed>true</isUsed>
        <numDimensions>2</numDimensions>
        <parameterName>perm</parameterName>
      </globalVariables>
      <globalVariables type="ModelRefInfoRepo.BuiltinParameter" uuid="886bf0de-b47c-4dde-9667-fd4e408b159d">
        <dimensions>1</dimensions>
        <dimensions>1</dimensions>
        <isUsed>true</isUsed>
        <numDimensions>2</numDimensions>
        <parameterName>r1</parameterName>
      </globalVariables>
      <globalVariables type="ModelRefInfoRepo.BuiltinParameter" uuid="8da5b9ca-88e4-4c8c-8187-e8f685ebf2fc">
        <dimensions>1</dimensions>
        <dimensions>1</dimensions>
        <isUsed>true</isUsed>
        <numDimensions>2</numDimensions>
        <parameterName>rho</parameterName>
      </globalVariables>
      <globalVariables type="ModelRefInfoRepo.BuiltinParameter" uuid="21258240-a37b-4af5-98b9-625e63ae886a">
        <dimensions>1</dimensions>
        <dimensions>1</dimensions>
        <isUsed>true</isUsed>
        <numDimensions>2</numDimensions>
        <parameterName>v_sonido</parameterName>
      </globalVariables>
      <globalVariables type="ModelRefInfoRepo.BuiltinParameter" uuid="359a5c2a-94f3-4b19-969d-daf922edb6db">
        <dimensions>1</dimensions>
        <dimensions>1</dimensions>
        <isUsed>true</isUsed>
        <numDimensions>2</numDimensions>
        <parameterName>vol</parameterName>
      </globalVariables>
    </interfaceParameterInfo>
    <messageInfo type="ModelRefInfoRepo.MessageInformation" uuid="1f99a8fe-4dfe-454b-a2be-364b6b6c86cb"/>
    <methodInfo type="ModelRefInfoRepo.MethodExistenceInfo" uuid="0c00651a-60a5-4a72-87d6-b9aeb6a1c0ca">
      <hasDerivMethod>true</hasDerivMethod>
      <hasDisableMethod>true</hasDisableMethod>
      <hasForcingFunctionMethod>true</hasForcingFunctionMethod>
      <hasSystemInitializeMethod>true</hasSystemInitializeMethod>
      <hasSystemResetMethod>true</hasSystemResetMethod>
      <hasTerminateMethod>true</hasTerminateMethod>
      <hasUpdateMethod>true</hasUpdateMethod>
    </methodInfo>
    <periodicEventPortUnsupportedBlockInfo type="ModelRefInfoRepo.PeriodicEventPortUnsupportedBlockInfo" uuid="72fb7410-8277-4cb4-a95e-997ee35016d9"/>
    <portGroupsRequireSameRate type="ModelRefInfoRepo.PortGroupsRequireSameRate" uuid="1fc160cc-a1ae-406e-aaf9-208d3b4e1c71">
      <DSMPortGroups type="ModelRefInfoRepo.NameToPortGroupIdxVectMap" uuid="059ff78a-fbef-48fb-a7d9-014e1d573a25"/>
      <GlobalDSMPortGroups type="ModelRefInfoRepo.NameToPortGroupIdxVectMap" uuid="5e033856-5479-4c82-937f-779ebc49274a"/>
      <mergedPortGroups type="ModelRefInfoRepo.NameToPortGroupIdxVectMap" uuid="e439668b-c3bd-4bbb-83c3-797be9e15980"/>
    </portGroupsRequireSameRate>
    <rateBasedMdlGlobalDSMRateSpec type="ModelRefInfoRepo.GlobalDSMRateSpecMap" uuid="abaca835-0130-4888-82da-aeff1b3d9956"/>
    <rateSpecOfGlobalDSMAccessedByDescExpFcnMdlMap type="ModelRefInfoRepo.GlobalDSMRateSpecMap" uuid="f28af8fe-95fe-49fd-b039-e9401f0be922"/>
    <rootBlockDiagramInterface type="ci.Model" uuid="32c4555e-57cb-4b39-897c-65a52dcd8d67">
      <p_RootComponentInterface type="ci.ComponentInterface" uuid="afcd1507-126e-4cea-993f-0a06064f7b77">
        <p_Name>Proyecto</p_Name>
        <p_Type>ROOT</p_Type>
      </p_RootComponentInterface>
    </rootBlockDiagramInterface>
    <simulinkFunctions type="ModelRefInfoRepo.SimulinkFunctions" uuid="fa16e59d-dc3c-4c63-ac51-185cb109666e">
      <compSimulinkFunctionCatalog></compSimulinkFunctionCatalog>
    </simulinkFunctions>
    <sltpContext type="sltp.mm.core.Context" uuid="eaa72d88-4ee5-416d-b060-e92534399baf">
      <priorityDirection>HighNumberLast</priorityDirection>
      <unusedTaskIds>1</unusedTaskIds>
      <defaultEventBehavior type="sltp.mm.core.EventBehavior" uuid="d7ab87b1-5e71-4ca0-9d82-f03c5bd9acc2"/>
      <editorState type="sltp.mm.core.EditorState" uuid="dfddbac0-357d-476b-aee8-f6ce847b5b79">
        <isSynchronized>true</isSynchronized>
        <panelState type="sltp.mm.core.EditorPanelState" uuid="ce5f0e47-f930-4581-a1d3-2284783b58ef"/>
      </editorState>
      <rootTask type="sltp.mm.core.Task" uuid="d68bf30b-f682-4bfc-92a1-8148c2d0e839">
        <context type="sltp.mm.core.Context" uuid="eaa72d88-4ee5-416d-b060-e92534399baf"/>
        <explicit>false</explicit>
        <name>Default</name>
        <priority>-2147483648</priority>
        <subgraph type="sltp.mm.core.Graph" uuid="d49cbe55-bd86-4672-a486-46c034e89138">
          <tasks type="sltp.mm.core.Task" uuid="c03b1837-9977-4b08-bbdd-c6a4ef9b451f">
            <baseTask>true</baseTask>
            <context type="sltp.mm.core.Context" uuid="eaa72d88-4ee5-416d-b060-e92534399baf"/>
            <explicit>false</explicit>
            <id>2</id>
            <isTimed>true</isTimed>
            <name>Cont</name>
            <priority>40</priority>
            <rates type="sltp.mm.core.Rate" uuid="c6bf1fbc-244c-4e06-9d04-37e7cd1c1f43">
              <annotation>Cont</annotation>
              <color>255</color>
              <hasBlocks>true</hasBlocks>
              <identifier>Continuous00</identifier>
              <rateIndex>0</rateIndex>
              <rateSpec type="sltp.mm.core.RateSpec">
                <period>0.0</period>
              </rateSpec>
              <sti>0</sti>
            </rates>
            <rates type="sltp.mm.core.Rate" uuid="8043b02a-d46f-403d-be5c-1e6b815a5028">
              <annotation>D1</annotation>
              <color>-436207361</color>
              <hasBlocks>true</hasBlocks>
              <rateIndex>1</rateIndex>
              <rateSpec type="sltp.mm.core.RateSpec">
                <period>.09287981859410431</period>
              </rateSpec>
              <sti>1</sti>
            </rates>
          </tasks>
        </subgraph>
      </rootTask>
    </sltpContext>
    <stateWriterToOwnerMap type="ModelRefInfoRepo.StateWriterInfo" uuid="1e1e156c-8005-4c02-bc5e-3e161680abdf"/>
    <stoClientDataRegistry type="sto.ClientDataRegistry" uuid="975651dc-86a9-42aa-ba02-77d69a2901dd">
      <dataSets type="sto.ClientClockNamedDataSet" uuid="e382c2bd-f76e-4c54-890c-4b6b49097885">
        <tag>sltpEvents</tag>
      </dataSets>
      <dataSets type="sto.ClientTaskHierarchyElementNamedDataSet" uuid="5eee36ac-e73c-46d1-b63a-e8bc08e3c805">
        <tag>sltpTaskGroups</tag>
      </dataSets>
      <dataSets type="sto.ClientTaskHierarchyElementNamedDataSet" uuid="e9e5b1e5-10d0-4e35-a77b-59e51c610eee">
        <dSet type="ModelRefInfoRepo.SltpTaskData" uuid="50a2c16c-10e5-438b-aac2-88cec946f3ce"/>
        <tSet type="ModelRefInfoRepo.SltpTaskData" uuid="50a2c16c-10e5-438b-aac2-88cec946f3ce">
          <dataName>Cont</dataName>
          <linkedSet type="sto.ClientTaskHierarchyElementNamedDataSet" uuid="e9e5b1e5-10d0-4e35-a77b-59e51c610eee"/>
          <id type="sto.TaskHierarchyElementId">
            <clockId>Proyecto::defaultTimer</clockId>
            <id>_task0</id>
          </id>
        </tSet>
        <tag>sltpTasks</tag>
      </dataSets>
    </stoClientDataRegistry>
    <typeTable type="type_info.TypeTable" uuid="651c7f0a-16ec-44a9-9d5f-150d22abf648">
      <Types type="type_info.Type" uuid="613c15c7-d47a-43cb-8055-aea80dbff3ff">
        <Name>action</Name>
      </Types>
      <Types type="type_info.NumericType" uuid="522ada49-13fc-4858-9454-59aec740b94a">
        <MxClassId>3</MxClassId>
        <Size>1</Size>
        <typeEnum>NUMERIC</typeEnum>
        <Name>boolean</Name>
      </Types>
      <Types type="type_info.NumericType" uuid="d015a801-659c-4cf2-811b-9703df095f03">
        <DataTypeId>1</DataTypeId>
        <MxClassId>6</MxClassId>
        <Size>8</Size>
        <typeEnum>NUMERIC</typeEnum>
        <Name>double</Name>
      </Types>
      <Types type="type_info.Type" uuid="935a36c9-40d2-418c-9cf9-2a4524b90798">
        <Name>fcn_call</Name>
      </Types>
      <Types type="type_info.NumericType" uuid="5d1882bb-8ac8-4f0d-a2cd-fe01dd241610">
        <MxClassId>10</MxClassId>
        <Size>2</Size>
        <typeEnum>NUMERIC</typeEnum>
        <Name>int16</Name>
      </Types>
      <Types type="type_info.NumericType" uuid="bdfb0caa-30aa-42a2-b616-16b6076a1d71">
        <MxClassId>12</MxClassId>
        <Size>4</Size>
        <Name>int32</Name>
      </Types>
      <Types type="type_info.FixedPointType" uuid="6b8749b1-42cb-4933-84ae-2474444513dd">
        <DataTypeId>15</DataTypeId>
        <Size>8</Size>
        <typeEnum>FIXPOINT</typeEnum>
        <Name>int64</Name>
      </Types>
      <Types type="type_info.NumericType" uuid="5c55089e-f09d-4ee7-81fa-9b786d73cde9">
        <MxClassId>8</MxClassId>
        <Size>1</Size>
        <typeEnum>NUMERIC</typeEnum>
        <Name>int8</Name>
      </Types>
      <Types type="type_info.Type" uuid="ddd8758a-ca26-4327-a38d-a0978dfb1a45">
        <Name>integer</Name>
      </Types>
      <Types type="type_info.Type" uuid="1155276a-8fcc-4dbd-9521-92f84253ffed">
        <Name>physical_connection</Name>
      </Types>
      <Types type="type_info.Type" uuid="ae094d40-70e7-487e-99fb-c2b4fcd49dc0">
        <Name>pointer</Name>
      </Types>
      <Types type="type_info.NumericType" uuid="8950a83a-bcf9-4c5d-819d-1a561a3e570b">
        <MxClassId>7</MxClassId>
        <Size>4</Size>
        <typeEnum>NUMERIC</typeEnum>
        <Name>single</Name>
      </Types>
      <Types type="type_info.NonVirtualBusType" uuid="5bac51f2-f0a8-418d-bbff-6fd161343a61">
        <Elements type="type_info.StructElement" uuid="8f7f178c-77b1-4b76-a9cf-0b8979b5ec76">
          <Dimensions>1</Dimensions>
          <Dimensions>1</Dimensions>
          <Type type="type_info.NumericType" uuid="d015a801-659c-4cf2-811b-9703df095f03"/>
          <Name>firstCoeffMode</Name>
        </Elements>
        <Elements type="type_info.StructElement" uuid="3fd16ec4-db90-42e0-8d36-e16b0c9f34d5">
          <Dimensions>1</Dimensions>
          <Dimensions>1</Dimensions>
          <Type type="type_info.NumericType" uuid="d015a801-659c-4cf2-811b-9703df095f03"/>
          <Name>firstCoeffWordLength</Name>
        </Elements>
        <Elements type="type_info.StructElement" uuid="86cbe824-688c-4c7f-a73f-754f7b7da320">
          <Dimensions>1</Dimensions>
          <Dimensions>1</Dimensions>
          <Type type="type_info.NumericType" uuid="d015a801-659c-4cf2-811b-9703df095f03"/>
          <Name>firstCoeffFracLength</Name>
        </Elements>
        <Elements type="type_info.StructElement" uuid="e89a468f-ca7e-4fbd-ba88-f824438ce28a">
          <Dimensions>1</Dimensions>
          <Dimensions>1</Dimensions>
          <Type type="type_info.NumericType" uuid="d015a801-659c-4cf2-811b-9703df095f03"/>
          <Name>prodOutputMode</Name>
        </Elements>
        <Elements type="type_info.StructElement" uuid="23c56e26-39a7-463f-a7fb-13aa95268e40">
          <Dimensions>1</Dimensions>
          <Dimensions>1</Dimensions>
          <Type type="type_info.NumericType" uuid="d015a801-659c-4cf2-811b-9703df095f03"/>
          <Name>prodOutputWordLength</Name>
        </Elements>
        <Elements type="type_info.StructElement" uuid="a6b350a4-5f57-44ed-b0c3-6f734a7db2b1">
          <Dimensions>1</Dimensions>
          <Dimensions>1</Dimensions>
          <Type type="type_info.NumericType" uuid="d015a801-659c-4cf2-811b-9703df095f03"/>
          <Name>prodOutputFracLength</Name>
        </Elements>
        <Elements type="type_info.StructElement" uuid="4b196c48-7d4f-4c03-bd3d-e44171f07dff">
          <Dimensions>1</Dimensions>
          <Dimensions>1</Dimensions>
          <Type type="type_info.NumericType" uuid="d015a801-659c-4cf2-811b-9703df095f03"/>
          <Name>accumMode</Name>
        </Elements>
        <Elements type="type_info.StructElement" uuid="893ff672-e51a-493f-9893-85fa110030ad">
          <Dimensions>1</Dimensions>
          <Dimensions>1</Dimensions>
          <Type type="type_info.NumericType" uuid="d015a801-659c-4cf2-811b-9703df095f03"/>
          <Name>accumWordLength</Name>
        </Elements>
        <Elements type="type_info.StructElement" uuid="d1366531-cd62-4a89-b3bd-306498a88ed4">
          <Dimensions>1</Dimensions>
          <Dimensions>1</Dimensions>
          <Type type="type_info.NumericType" uuid="d015a801-659c-4cf2-811b-9703df095f03"/>
          <Name>accumFracLength</Name>
        </Elements>
        <Elements type="type_info.StructElement" uuid="d1e2da9c-e13e-4ad3-b508-048a017a41f2">
          <Dimensions>1</Dimensions>
          <Dimensions>1</Dimensions>
          <Type type="type_info.NumericType" uuid="d015a801-659c-4cf2-811b-9703df095f03"/>
          <Name>outputMode</Name>
        </Elements>
        <Elements type="type_info.StructElement" uuid="00736af2-b766-4cb8-bc78-33dc38c57dba">
          <Dimensions>1</Dimensions>
          <Dimensions>1</Dimensions>
          <Type type="type_info.NumericType" uuid="d015a801-659c-4cf2-811b-9703df095f03"/>
          <Name>outputWordLength</Name>
        </Elements>
        <Elements type="type_info.StructElement" uuid="22c83a17-5d43-4bef-9794-7f45866035d0">
          <Dimensions>1</Dimensions>
          <Dimensions>1</Dimensions>
          <Type type="type_info.NumericType" uuid="d015a801-659c-4cf2-811b-9703df095f03"/>
          <Name>outputFracLength</Name>
        </Elements>
        <Elements type="type_info.StructElement" uuid="935a6c95-6718-41b0-a522-200299eb78e5">
          <Dimensions>1</Dimensions>
          <Dimensions>1</Dimensions>
          <Type type="type_info.NumericType" uuid="d015a801-659c-4cf2-811b-9703df095f03"/>
          <Name>roundingMode</Name>
        </Elements>
        <Elements type="type_info.StructElement" uuid="c8d660d6-9376-4c30-bb05-a3cae84e2e84">
          <Dimensions>1</Dimensions>
          <Dimensions>1</Dimensions>
          <Type type="type_info.NumericType" uuid="d015a801-659c-4cf2-811b-9703df095f03"/>
          <Name>overflowMode</Name>
        </Elements>
        <LeafOffsets>0</LeafOffsets>
        <LeafOffsets>8</LeafOffsets>
        <LeafOffsets>16</LeafOffsets>
        <LeafOffsets>24</LeafOffsets>
        <LeafOffsets>32</LeafOffsets>
        <LeafOffsets>40</LeafOffsets>
        <LeafOffsets>48</LeafOffsets>
        <LeafOffsets>56</LeafOffsets>
        <LeafOffsets>64</LeafOffsets>
        <LeafOffsets>72</LeafOffsets>
        <LeafOffsets>80</LeafOffsets>
        <LeafOffsets>88</LeafOffsets>
        <LeafOffsets>96</LeafOffsets>
        <LeafOffsets>104</LeafOffsets>
        <DataTypeId>17</DataTypeId>
        <MxClassId>2</MxClassId>
        <Size>112</Size>
        <typeEnum>STRUCT</typeEnum>
        <Name>struct_tWjMVrOBp0cYoZ8XXGA92G</Name>
      </Types>
      <Types type="type_info.Type" uuid="e2cf4cb3-2e5d-4e81-9ad0-1b5232358fb2">
        <Name>timer_uint32_pair</Name>
      </Types>
      <Types type="type_info.NumericType" uuid="ee1ddc8e-ce0f-4950-8f6b-7e2d09eca85f">
        <MxClassId>11</MxClassId>
        <Size>2</Size>
        <typeEnum>NUMERIC</typeEnum>
        <Name>uint16</Name>
      </Types>
      <Types type="type_info.NumericType" uuid="d63fc14c-f861-4fca-8b1d-45ac5ea24f42">
        <MxClassId>13</MxClassId>
        <Size>4</Size>
        <typeEnum>NUMERIC</typeEnum>
        <Name>uint32</Name>
      </Types>
      <Types type="type_info.FixedPointType" uuid="d9a096b3-7fa6-44fc-8f2a-6e56f42ccf13">
        <DataTypeId>16</DataTypeId>
        <Size>8</Size>
        <typeEnum>FIXPOINT</typeEnum>
        <Name>uint64</Name>
      </Types>
      <Types type="type_info.NumericType" uuid="273b4ee6-5593-47d2-bbd5-5c254be8fcc4">
        <MxClassId>9</MxClassId>
        <Size>1</Size>
        <typeEnum>NUMERIC</typeEnum>
        <Name>uint8</Name>
      </Types>
      <isInitialized>true</isInitialized>
    </typeTable>
    <varTsUIDMap type="ModelRefInfoRepo.VarTsUIDMap" uuid="db9d455d-da08-4caa-823b-3b20abbabe23"/>
  </ModelRefInfoRepo.ModelRefInfoRoot>
</MF0>